Id,SalePrice
1461,128760.54
1462,154809.375
1463,180101.2
1464,181682.695
1465,198384.685
1466,183861.7
1467,166981.975
1468,176129.745
1469,184665.225
1470,120505.205
1471,197862.905
1472,93871.965
1473,96314.215
1474,153967.25
1475,146275.725
1476,382329.785
1477,250176.32
1478,307296.95
1479,244922.71
1480,454808.845
1481,301564.78
1482,208431.89
1483,177733.835
1484,177662.37
1485,172455.03
1486,202039.975
1487,320661.725
1488,238726.53
1489,210363.295
1490,197160.485
1491,192119.36
1492,100716.825
1493,173546.045
1494,298335.915
1495,301075.17
1496,231655.71
1497,195171.585
1498,153928.935
1499,153366.735
1500,152561.535
1501,174862.0
1502,170427.925
1503,299012.76
1504,227555.81
1505,216042.605
1506,183414.395
1507,222236.535
1508,199737.91
1509,164269.07
1510,152202.75
1511,153368.625
1512,171597.0
1513,151438.985
1514,165813.29
1515,181290.155
1516,160423.185
1517,155669.995
1518,128193.47
1519,225552.78
1520,139312.5
1521,145231.75
1522,162652.78
1523,114739.905
1524,125014.385
1525,124512.56
1526,130221.5
1527,105240.47
1528,127877.375
1529,142256.415
1530,165548.045
1531,126023.975
1532,107707.915
1533,145829.9
1534,114072.05
1535,159999.92
1536,116493.895
1537,76132.165
1538,180986.945
1539,246982.495
1540,113088.375
1541,149562.55
1542,144232.695
1543,221231.24
1544,81943.62
1545,105002.75
1546,123502.1
1547,139645.025
1548,137500.925
1549,114284.0
1550,141359.91
1551,115628.975
1552,147876.075
1553,143312.23
1554,116033.16
1555,169930.445
1556,100016.475
1557,132644.475
1558,93278.455
1559,118778.43
1560,149350.085
1561,159872.555
1562,127568.12
1563,124603.76
1564,161665.835
1565,155124.2
1566,216604.09
1567,78305.325
1568,223079.68
1569,143789.72
1570,126143.025
1571,134331.36
1572,146163.935
1573,239215.81
1574,115066.275
1575,212291.52
1576,215230.67
1577,205657.52
1578,156206.13
1579,142852.345
1580,191080.375
1581,141562.37
1582,127718.51
1583,324438.68
1584,238162.93
1585,140518.25
1586,74553.72
1587,103322.11
1588,153144.6
1589,102686.055
1590,132650.92
1591,107211.24
1592,126653.565
1593,120056.7
1594,135166.025
1595,122227.785
1596,234039.605
1597,161635.32
1598,182943.085
1599,217545.95
1600,193513.345
1601,81870.665
1602,115809.525
1603,96562.34
1604,279106.325
1605,250095.21
1606,167793.17
1607,166159.845
1608,212989.615
1609,200407.73
1610,159689.945
1611,153283.005
1612,157778.975
1613,166710.19
1614,122269.38
1615,87315.465
1616,81926.985
1617,89327.73
1618,127193.5
1619,132638.25
1620,148606.15
1621,137273.21
1622,153144.43
1623,293746.89
1624,212541.11
1625,133304.205
1626,170230.0
1627,186939.425
1628,285957.605
1629,175325.62
1630,347344.005
1631,216449.46
1632,246247.34
1633,170616.105
1634,181549.25
1635,178911.46
1636,161016.22
1637,175392.365
1638,212257.425
1639,180994.0
1640,244463.125
1641,184444.295
1642,221576.765
1643,223137.17
1644,220761.745
1645,175180.36
1646,154391.935
1647,162883.015
1648,142435.295
1649,141295.0
1650,123825.25
1651,124408.66
1652,92043.055
1653,99530.625
1654,155754.66
1655,159795.55
1656,151597.25
1657,154304.0
1658,152924.285
1659,148993.775
1660,145885.5
1661,438125.9
1662,397944.805
1663,378307.795
1664,451548.51
1665,314582.765
1666,330037.51
1667,353855.365
1668,328757.6
1669,301237.625
1670,335653.06
1671,264134.765
1672,467845.755
1673,303688.985
1674,251464.935
1675,188439.895
1676,191545.025
1677,212834.645
1678,469936.245
1679,382556.205
1680,322229.13
1681,273058.465
1682,306936.64
1683,186493.53
1684,172029.85
1685,173969.59
1686,168065.43
1687,166998.28
1688,185986.89
1689,188579.595
1690,183507.59
1691,174882.69
1692,267133.49
1693,170468.17
1694,185330.91
1695,170766.56
1696,265344.98
1697,172763.45
1698,344658.245
1699,331854.4
1700,245992.79
1701,263303.74
1702,254418.06
1703,250280.695
1704,292292.555
1705,239041.465
1706,454342.325
1707,222548.72
1708,216693.56
1709,281532.74
1710,226368.465
1711,261972.31
1712,236587.45
1713,247177.35
1714,223389.44
1715,201355.4
1716,175187.655
1717,166214.57
1718,140329.185
1719,206606.54
1720,252868.625
1721,165610.43
1722,128896.75
1723,154121.355
1724,217759.02
1725,231061.015
1726,187007.15
1727,172675.92
1728,189335.18
1729,165114.68
1730,159661.595
1731,120732.37
1732,133277.945
1733,127738.625
1734,133395.5
1735,132858.55
1736,115613.535
1737,362970.42
1738,217587.51
1739,266434.985
1740,193782.92
1741,181389.84
1742,174295.435
1743,174903.9
1744,321458.475
1745,242973.745
1746,276944.17
1747,219158.65
1748,205881.65
1749,161928.285
1750,152403.245
1751,229254.435
1752,124071.0
1753,143465.505
1754,221784.335
1755,166314.55
1756,122592.76
1757,121655.49
1758,146748.72
1759,169819.195
1760,159530.37
1761,154298.545
1762,170969.085
1763,170102.75
1764,119078.745
1765,173296.59
1766,169185.5
1767,204921.6
1768,139620.875
1769,164298.235
1770,140649.675
1771,138681.54
1772,143575.405
1773,144583.435
1774,131729.13
1775,133325.15
1776,120023.68
1777,117127.575
1778,131058.525
1779,115042.7
1780,176346.02
1781,134027.47
1782,95962.835
1783,130277.975
1784,96133.615
1785,113760.2
1786,148312.18
1787,164735.24
1788,59761.2
1789,97166.205
1790,90710.235
1791,168146.875
1792,154603.125
1793,136740.385
1794,142806.475
1795,139636.065
1796,117903.065
1797,116689.295
1798,127448.75
1799,116041.995
1800,127171.0
1801,130836.3
1802,154711.405
1803,151819.95
1804,141532.5
1805,136472.25
1806,115547.39
1807,150508.53
1808,117013.83
1809,127223.86
1810,142144.38
1811,117920.515
1812,117043.74
1813,120479.02
1814,103985.81
1815,63352.26
1816,104228.6
1817,125572.595
1818,131715.585
1819,116683.655
1820,81761.44
1821,125123.29
1822,148330.6
1823,60933.9
1824,136456.395
1825,137149.015
1826,103285.32
1827,109835.255
1828,135788.725
1829,112216.845
1830,145250.57
1831,170292.025
1832,110654.915
1833,148063.045
1834,135102.155
1835,178756.21
1836,129922.275
1837,102414.715
1838,137128.49
1839,87428.395
1840,164967.865
1841,150820.92
1842,90190.115
1843,144038.25
1844,135523.9
1845,136164.505
1846,151107.0
1847,147984.54
1848,64921.025
1849,120638.535
1850,131100.705
1851,152269.645
1852,126693.07
1853,134029.15
1854,174145.29
1855,144185.93
1856,225009.7
1857,163218.105
1858,139818.73
1859,120931.695
1860,154692.55
1861,120017.99
1862,266829.395
1863,264131.94
1864,264131.94
1865,330447.255
1866,327967.97
1867,243721.37
1868,300443.36
1869,195070.405
1870,250763.855
1871,255314.195
1872,170262.035
1873,228985.22
1874,139885.5
1875,207917.665
1876,193313.31
1877,211446.21
1878,210863.225
1879,134521.9
1880,136967.55
1881,232699.695
1882,262217.41
1883,197961.995
1884,217695.82
1885,257179.85
1886,299813.995
1887,199142.705
1888,276448.97
1889,163871.96
1890,137494.12
1891,141751.08
1892,110979.99
1893,141490.73
1894,131500.76
1895,148273.25
1896,123900.0
1897,117366.175
1898,108393.02
1899,130746.365
1900,146980.935
1901,165438.5
1902,130503.065
1903,224412.95
1904,140054.04
1905,179559.86
1906,152800.25
1907,199365.62
1908,115448.08
1909,134975.655
1910,124444.745
1911,195644.57
1912,264925.54
1913,144157.4
1914,68908.12
1915,329484.095
1916,73531.505
1917,256201.255
1918,137435.5
1919,156928.62
1920,156785.44
1921,411805.37
1922,331413.295
1923,206355.675
1924,243737.665
1925,224394.98
1926,381774.785
1927,141743.5
1928,159748.08
1929,126543.76
1930,126276.215
1931,139551.65
1932,133939.365
1933,171245.5
1934,181845.675
1935,174686.79
1936,191468.62
1937,182290.05
1938,170279.46
1939,247606.94
1940,198937.015
1941,177308.42
1942,192472.75
1943,198607.03
1944,325241.655
1945,365406.955
1946,165543.965
1947,314555.665
1948,172526.995
1949,243645.655
1950,179560.885
1951,263922.82
1952,246307.965
1953,166475.555
1954,208573.875
1955,127443.12
1956,272740.995
1957,162207.365
1958,314824.28
1959,142005.255
1960,114913.28
1961,118916.13
1962,94297.25
1963,104137.0
1964,113140.475
1965,153068.145
1966,155310.37
1967,292833.865
1968,393451.215
1969,383015.07
1970,421850.405
1971,417313.84
1972,363060.12
1973,268302.405
1974,317082.785
1975,463847.6
1976,275070.305
1977,360607.265
1978,354023.22
1979,330133.465
1980,195562.12
1981,336453.715
1982,234678.175
1983,221399.775
1984,166927.825
1985,209233.485
1986,209048.98
1987,183185.975
1988,178692.135
1989,186854.96
1990,219573.875
1991,218610.55
1992,212749.025
1993,173980.115
1994,240661.445
1995,181673.1
1996,259934.375
1997,327506.215
1998,348396.655
1999,253213.995
2000,303081.895
2001,267061.285
2002,236155.15
2003,253872.76
2004,263161.615
2005,229541.89
2006,219134.6
2007,248549.18
2008,208026.19
2009,189338.595
2010,190394.765
2011,148447.655
2012,180389.08
2013,180852.36
2014,190457.495
2015,193969.495
2016,192743.2
2017,205655.25
2018,125350.955
2019,135465.64
2020,120959.165
2021,117862.165
2022,177731.65
2023,151136.47
2024,221127.46
2025,362663.0
2026,186091.695
2027,147651.69
2028,154054.52
2029,168293.415
2030,285303.765
2031,259443.165
2032,278911.715
2033,271994.915
2034,164762.185
2035,204118.405
2036,186665.385
2037,195331.555
2038,320803.98
2039,206229.485
2040,395348.095
2041,288130.57
2042,205380.25
2043,167116.55
2044,169142.005
2045,233812.32
2046,134717.005
2047,154369.205
2048,132961.505
2049,135822.71
2050,174302.86
2051,105219.0
2052,137316.125
2053,144697.375
2054,87493.985
2055,162951.58
2056,128364.125
2057,129380.0
2058,216717.6
2059,127688.03
2060,163662.75
2061,172280.5
2062,137974.5
2063,115301.525
2064,137262.9
2065,123735.26
2066,170945.64
2067,129677.52
2068,134785.475
2069,87057.64
2070,110901.44
2071,96439.485
2072,133317.555
2073,136321.3
2074,180055.745
2075,145619.81
2076,122638.17
2077,148757.25
2078,130855.165
2079,130247.665
2080,115340.765
2081,121245.5
2082,133148.815
2083,144777.855
2084,112612.77
2085,134141.5
2086,114379.25
2087,120673.255
2088,108868.005
2089,93745.465
2090,134694.94
2091,127834.69
2092,136094.835
2093,141281.465
2094,139221.225
2095,153676.685
2096,89261.145
2097,97596.69
2098,147319.69
2099,66078.96
2100,116004.725
2101,124167.285
2102,146050.99
2103,105133.0
2104,133979.555
2105,131258.235
2106,80578.76
2107,253274.97
2108,119139.325
2109,117029.095
2110,122958.8
2111,162510.72
2112,136468.185
2113,119802.75
2114,110383.58
2115,152978.37
2116,113056.355
2117,144982.705
2118,118982.52
2119,111878.68
2120,110009.0
2121,113256.24
2122,105528.105
2123,92246.465
2124,192811.135
2125,135118.135
2126,160891.77
2127,152842.295
2128,135600.335
2129,102498.465
2130,145032.015
2131,160327.63
2132,111751.96
2133,114136.525
2134,118349.445
2135,104979.115
2136,82062.545
2137,117528.075
2138,137708.245
2139,151598.39
2140,137326.5
2141,139059.515
2142,138323.95
2143,146700.03
2144,119688.545
2145,136780.25
2146,143436.99
2147,160321.79
2148,124341.175
2149,135109.61
2150,235088.635
2151,134611.575
2152,176475.12
2153,158899.75
2154,112803.84
2155,128521.165
2156,224861.045
2157,241298.78
2158,236332.145
2159,214062.355
2160,173471.445
2161,250419.525
2162,442431.63
2163,343502.625
2164,259811.175
2165,174468.92
2166,145358.485
2167,207087.85
2168,213254.25
2169,193960.85
2170,220085.985
2171,141917.12
2172,141951.325
2173,158079.855
2174,239734.68
2175,307621.32
2176,325051.1
2177,254737.32
2178,225193.59
2179,146253.5
2180,188567.075
2181,192200.435
2182,225389.69
2183,193269.465
2184,139343.95
2185,129979.465
2186,146090.655
2187,146958.75
2188,154609.56
2189,184074.045
2190,83139.885
2191,87977.79
2192,94365.405
2193,99520.845
2194,101007.54
2195,114249.805
2196,108337.18
2197,112556.775
2198,157333.55
2199,162554.04
2200,128597.54
2201,132095.8
2202,190287.53
2203,161573.9
2204,174885.01
2205,113113.225
2206,136492.5
2207,236643.52
2208,234271.195
2209,189611.37
2210,121935.525
2211,117975.085
2212,113175.81
2213,101759.38
2214,145154.94
2215,105032.935
2216,148688.005
2217,71667.55
2218,91525.355
2219,75857.245
2220,84935.985
2221,330578.405
2222,251993.305
2223,252924.37
2224,214076.86
2225,139810.275
2226,181740.17
2227,194507.105
2228,282569.15
2229,238562.09
2230,161385.79
2231,213913.32
2232,180125.5
2233,175617.555
2234,257784.585
2235,202131.91
2236,269945.85
2237,354359.695
2238,201003.55
2239,122428.875
2240,162029.375
2241,150928.695
2242,137265.85
2243,141163.55
2244,97001.25
2245,95035.29
2246,147954.81
2247,104019.75
2248,124775.5
2249,126492.0
2250,137720.8
2251,128075.235
2252,176933.25
2253,155632.2
2254,179264.83
2255,191651.02
2256,182485.09
2257,194000.35
2258,173950.09
2259,179312.0
2260,152253.7
2261,189545.15
2262,204902.68
2263,337283.325
2264,430238.775
2265,174369.69
2266,288766.77
2267,358157.41
2268,376458.2
2269,166538.415
2270,183706.33
2271,250314.28
2272,204119.765
2273,165057.86
2274,173113.22
2275,165158.81
2276,168745.56
2277,179003.45
2278,156960.31
2279,119617.04
2280,118731.39
2281,177192.74
2282,176077.28
2283,97928.5
2284,109593.955
2285,151423.23
2286,129821.665
2287,344027.11
2288,272082.09
2289,382366.79
2290,423793.53
2291,315880.72
2292,395377.305
2293,455233.935
2294,396688.88
2295,429105.58
2296,275280.78
2297,315285.89
2298,327850.105
2299,379227.57
2300,321942.94
2301,280376.01
2302,229104.27
2303,239342.41
2304,243239.33
2305,185052.47
2306,186112.385
2307,187706.715
2308,220345.425
2309,286496.255
2310,223352.625
2311,195644.615
2312,174134.97
2313,174420.26
2314,176351.755
2315,172076.55
2316,185185.185
2317,180142.175
2318,173324.35
2319,176336.89
2320,180761.17
2321,254689.535
2322,167903.495
2323,183292.965
2324,165433.425
2325,220927.525
2326,167478.69
2327,214090.7
2328,220377.76
2329,183318.335
2330,180097.7
2331,355921.46
2332,395645.135
2333,310199.355
2334,255781.98
2335,262054.31
2336,336180.64
2337,198211.51
2338,280283.92
2339,230675.215
2340,387289.92
2341,219438.695
2342,238949.19
2343,221996.84
2344,234909.27
2345,238383.065
2346,216997.32
2347,194225.6
2348,225999.635
2349,158070.89
2350,281817.13
2351,265070.755
2352,243018.165
2353,205732.685
2354,129991.085
2355,159071.34
2356,152518.505
2357,197917.01
2358,199067.415
2359,122372.395
2360,120314.895
2361,138599.935
2362,267114.33
2363,142393.3
2364,152281.3
2365,221606.325
2366,193059.395
2367,220635.46
2368,202778.335
2369,224190.1
2370,167411.0
2371,170148.935
2372,172986.78
2373,263242.035
2374,293617.195
2375,241267.33
2376,262926.675
2377,347788.65
2378,133984.58
2379,198734.655
2380,144987.75
2381,163026.14
2382,182239.8
2383,213594.135
2384,243534.175
2385,151966.25
2386,141352.5
2387,134634.95
2388,101252.6
2389,127400.495
2390,134190.295
2391,136711.165
2392,114200.95
2393,159579.375
2394,146259.75
2395,195494.5
2396,152287.535
2397,202404.75
2398,123008.97
2399,61968.565
2400,58222.675
2401,114796.0
2402,139013.615
2403,132261.815
2404,142666.585
2405,160688.5
2406,135219.3
2407,126415.32
2408,136630.63
2409,136569.875
2410,167190.095
2411,123825.495
2412,156378.375
2413,139714.5
2414,134487.5
2415,129405.395
2416,127963.47
2417,132039.15
2418,124314.25
2419,133421.31
2420,125149.215
2421,149205.435
2422,121845.74
2423,131863.95
2424,147743.1
2425,163499.625
2426,124809.875
2427,141660.89
2428,172936.62
2429,116569.53
2430,131302.875
2431,116705.165
2432,137959.5
2433,144070.25
2434,145192.875
2435,152526.135
2436,103581.25
2437,108796.78
2438,123435.705
2439,112927.17
2440,124762.415
2441,109154.655
2442,105862.905
2443,116177.715
2444,125179.69
2445,90292.165
2446,134893.65
2447,222293.605
2448,143636.575
2449,112920.06
2450,155521.185
2451,123443.605
2452,216340.49
2453,98628.45
2454,127016.29
2455,104657.785
2456,139191.635
2457,118438.75
2458,114611.115
2459,111641.865
2460,140359.455
2461,118242.82
2462,134867.79
2463,117252.705
2464,159073.525
2465,129824.775
2466,116579.745
2467,157799.64
2468,94026.245
2469,93600.435
2470,176136.39
2471,208277.985
2472,170415.635
2473,119183.565
2474,107815.49
2475,222513.875
2476,114182.015
2477,131979.165
2478,161314.88
2479,115353.785
2480,134913.415
2481,125450.89
2482,135051.915
2483,117519.005
2484,122070.02
2485,123327.04
2486,157282.5
2487,180192.435
2488,154731.425
2489,144724.09
2490,154425.12
2491,91391.885
2492,183599.86
2493,135163.275
2494,167696.98
2495,103041.315
2496,221612.15
2497,151336.105
2498,117469.365
2499,93088.47
2500,132271.82
2501,135198.745
2502,144122.375
2503,101698.87
2504,184716.52
2505,219568.71
2506,255430.69
2507,321560.335
2508,254776.95
2509,219945.47
2510,229603.77
2511,187733.6
2512,218055.445
2513,217589.935
2514,240122.56
2515,148250.04
2516,154191.255
2517,134559.875
2518,144898.75
2519,228356.475
2520,207205.25
2521,195294.695
2522,224612.1
2523,134993.965
2524,138785.845
2525,144430.36
2526,140338.045
2527,117156.0
2528,126641.34
2529,131357.465
2530,112203.54
2531,238467.8
2532,231824.65
2533,199231.875
2534,243258.4
2535,300815.845
2536,228984.38
2537,233760.49
2538,188345.31
2539,189644.55
2540,177356.535
2541,184827.105
2542,161524.54
2543,130714.215
2544,137321.92
2545,126412.515
2546,147039.5
2547,138151.785
2548,151069.395
2549,164136.685
2550,397461.145
2551,141083.165
2552,118735.16
2553,85942.5
2554,121561.55
2555,112674.82
2556,106493.11
2557,118022.18
2558,156958.42
2559,139256.32
2560,125467.54
2561,138755.52
2562,135460.035
2563,146725.865
2564,169440.78
2565,119556.225
2566,150145.925
2567,131681.195
2568,187701.62
2569,191747.535
2570,119832.975
2571,170377.135
2572,188441.74
2573,248296.39
2574,300738.475
2575,125499.58
2576,131987.335
2577,163116.58
2578,95951.38
2579,81170.665
2580,133825.35
2581,135195.51
2582,119374.005
2583,281479.96
2584,160547.96
2585,177399.87
2586,206201.845
2587,204192.16
2588,158555.735
2589,143829.58
2590,229149.1
2591,212625.85
2592,223128.47
2593,255167.105
2594,174444.605
2595,210679.34
2596,331672.48
2597,180220.915
2598,269143.33
2599,319373.52
2600,147488.32
2601,134283.38
2602,86446.56
2603,94899.17
2604,88011.75
2605,85242.785
2606,145211.085
2607,173605.32
2608,198013.45
2609,168205.77
2610,116068.345
2611,157308.57
2612,155296.475
2613,127447.0
2614,126409.32
2615,149555.25
2616,141585.5
2617,169704.67
2618,181161.28
2619,231125.04
2620,185298.16
2621,182674.225
2622,188668.525
2623,256980.01
2624,266867.13
2625,319779.085
2626,164404.48
2627,185941.2
2628,413219.38
2629,522717.35
2630,353957.235
2631,444195.14
2632,403833.06
2633,311951.785
2634,387190.68
2635,150040.535
2636,195109.62
2637,166951.365
2638,254888.93
2639,180723.7
2640,152427.935
2641,105617.46
2642,187856.4
2643,103074.83
2644,129912.25
2645,102067.27
2646,92832.0
2647,98526.5
2648,137920.41
2649,139265.22
2650,152414.475
2651,154896.725
2652,440220.39
2653,256307.175
2654,248861.605
2655,362570.15
2656,321353.505
2657,331265.41
2658,284004.78
2659,298353.945
2660,319615.53
2661,339720.77
2662,344150.305
2663,276450.49
2664,284817.355
2665,315246.42
2666,286944.485
2667,168891.07
2668,180488.645
2669,178235.675
2670,292209.355
2671,182028.55
2672,179778.45
2673,204430.985
2674,201410.69
2675,173427.225
2676,188119.875
2677,195790.71
2678,258526.105
2679,276975.595
2680,271594.375
2681,403692.79
2682,333224.095
2683,517397.015
2684,305940.695
2685,340778.16
2686,261142.635
2687,331487.045
2688,229618.725
2689,210857.895
2690,461286.825
2691,185898.515
2692,135210.53
2693,192645.695
2694,131074.45
2695,192708.58
2696,186924.17
2697,191721.815
2698,198994.19
2699,181397.455
2700,166447.17
2701,147490.805
2702,113051.63
2703,135160.37
2704,139974.105
2705,128787.495
2706,118925.79
2707,122759.79
2708,137489.545
2709,113013.795
2710,126704.245
2711,280311.71
2712,373199.1
2713,178738.23
2714,149818.1
2715,172824.86
2716,169691.46
2717,183424.39
2718,229186.665
2719,157260.125
2720,163093.19
2721,143265.05
2722,163807.615
2723,144601.8
2724,129449.0
2725,137615.5
2726,149355.435
2727,165511.215
2728,167285.75
2729,153631.325
2730,145751.625
2731,119587.28
2732,118229.275
2733,159549.67
2734,142012.525
2735,135241.375
2736,143711.635
2737,124460.27
2738,133898.525
2739,159935.11
2740,136051.08
2741,149246.015
2742,152324.875
2743,149916.31
2744,145657.435
2745,138208.5
2746,135647.295
2747,158328.505
2748,125450.81
2749,132435.25
2750,135605.685
2751,130878.25
2752,230792.295
2753,154596.795
2754,192187.17
2755,127124.025
2756,94355.685
2757,71050.25
2758,91397.055
2759,154640.87
2760,137994.17
2761,148936.5
2762,146402.25
2763,187922.57
2764,167993.525
2765,262602.805
2766,144170.85
2767,90562.02
2768,128238.66
2769,123237.68
2770,155215.45
2771,119279.415
2772,125373.795
2773,148148.34
2774,140133.215
2775,135610.99
2776,146545.575
2777,149650.5
2778,127370.77
2779,126851.305
2780,108773.695
2781,104949.035
2782,96589.01
2783,102896.53
2784,129201.55
2785,137885.345
2786,83936.6
2787,116696.25
2788,86126.615
2789,218420.745
2790,93338.25
2791,117425.73
2792,83397.435
2793,166510.4
2794,101480.855
2795,114310.63
2796,101010.9
2797,187966.335
2798,124842.73
2799,116621.455
2800,79077.945
2801,113816.75
2802,138434.5
2803,157545.935
2804,142498.295
2805,96283.465
2806,95367.28
2807,152603.565
2808,150313.435
2809,135766.24
2810,139715.75
2811,156658.285
2812,143967.82
2813,150794.4
2814,157793.445
2815,97386.665
2816,254685.625
2817,136308.59
2818,132548.665
2819,179194.715
2820,130715.975
2821,109048.025
2822,185024.745
2823,224952.11
2824,177900.72
2825,150477.2
2826,135822.9
2827,144214.29
2828,210840.575
2829,174659.89
2830,234972.26
2831,194040.515
2832,217913.31
2833,292478.15
2834,217781.65
2835,218909.73
2836,194433.405
2837,165688.96
2838,146958.185
2839,180684.975
2840,194842.72
2841,204163.965
2842,221255.705
2843,148590.6
2844,154251.06
2845,124040.92
2846,212584.5
2847,200223.325
2848,223219.58
2849,212563.55
2850,282206.445
2851,233744.11
2852,225999.67
2853,235495.6
2854,139271.0
2855,199322.995
2856,211431.755
2857,191573.875
2858,196074.41
2859,147789.515
2860,128900.795
2861,128918.535
2862,193299.64
2863,123130.5
2864,258677.365
2865,140387.595
2866,134507.75
2867,96029.005
2868,114997.805
2869,122711.855
2870,160034.545
2871,108902.09
2872,64367.62
2873,107689.745
2874,141805.715
2875,115835.465
2876,160371.525
2877,145591.2
2878,166330.545
2879,149281.17
2880,108890.985
2881,147612.33
2882,163106.475
2883,167617.465
2884,179098.535
2885,184726.35
2886,193547.185
2887,105647.515
2888,125508.915
2889,62171.865
2890,90248.18
2891,135435.735
2892,61927.8
2893,109350.075
2894,64939.205
2895,322866.795
2896,284376.7
2897,197625.945
2898,148662.45
2899,233418.42
2900,161269.715
2901,193147.875
2902,186084.695
2903,344486.9
2904,352908.945
2905,116701.215
2906,199538.74
2907,114590.24
2908,129907.3
2909,143994.43
2910,84589.0
2911,85246.205
2912,156969.7
2913,89547.96
2914,85614.715
2915,85588.965
2916,86683.23
2917,152825.65
2918,115163.625
2919,227292.65
